age,salary,experience,score,department,education,gender,promoted
50.0,49065.0,27,47.51,HR,Masters,Male,0
36.0,113460.0,30,81.13,Sales,Masters,Male,0
29.0,,8,65.82,Sales,Diploma,Male,0
42.0,84693.0,28,52.03,Sales,Bachelors,Female,1
40.0,56962.0,13,69.5,HR,Diploma,Male,0
44.0,58295.0,21,43.85,Sales,Diploma,Male,0
32.0,43807.0,10,74.92,Sales,Masters,Male,0
32.0,72348.0,22,56.14,Marketing,Masters,Female,0
45.0,56432.0,0,87.85,Engineering,Bachelors,Female,0
57.0,113285.0,20,58.62,Finance,Bachelors,Male,1
45.0,87854.0,25,67.31,Engineering,PhD,Female,0
24.0,70262.0,22,40.7,Marketing,Diploma,Female,0
43.0,67080.0,0,44.35,Finance,Masters,Female,0
23.0,31324.0,14,63.55,Sales,Bachelors,Female,0
45.0,65909.0,20,68.8,Marketing,PhD,Female,0
51.0,119339.0,8,76.0,Sales,PhD,Female,0
59.0,49870.0,8,57.5,HR,Masters,Female,1
,64578.0,9,81.7,Marketing,Masters,Male,0
42.0,102124.0,25,91.61,HR,PhD,Male,0
54.0,56790.0,34,86.79,Marketing,Bachelors,Female,1
33.0,,24,42.38,Marketing,PhD,Male,0
43.0,85129.0,25,68.83,HR,Diploma,Male,0
46.0,45485.0,10,46.3,,Diploma,Female,0
48.0,74482.0,1,54.52,Engineering,Masters,Male,0
49.0,116188.0,6,99.2,Sales,Bachelors,Female,0
37.0,34748.0,17,48.55,Marketing,Bachelors,Female,0
36.0,116769.0,26,69.93,Sales,Diploma,Female,0
24.0,39435.0,33,77.09,HR,PhD,Male,1
58.0,33709.0,26,82.15,Sales,Masters,Male,0
28.0,60355.0,16,73.58,HR,PhD,Male,0
42.0,85771.0,23,40.59,Sales,PhD,Male,0
30.0,87799.0,24,59.59,Engineering,,Female,0
39.0,43116.0,6,71.06,Engineering,Bachelors,Female,0
25.0,55470.0,5,45.27,Engineering,Diploma,Male,1
46.0,72344.0,23,61.04,Engineering,Bachelors,Female,1
35.0,72918.0,32,41.99,Engineering,,Female,0
,82224.0,28,44.71,Engineering,Masters,Male,1
47.0,,21,63.82,HR,Masters,Female,0
23.0,110219.0,25,47.96,Marketing,PhD,Male,0
41.0,91629.0,27,74.05,Sales,Diploma,Female,0
49.0,96040.0,20,81.37,Engineering,Diploma,Male,1
28.0,58016.0,6,88.04,HR,Diploma,Female,0
29.0,53960.0,16,52.01,HR,PhD,Female,0
56.0,63591.0,19,50.05,HR,PhD,Male,1
35.0,112848.0,19,46.27,Marketing,Masters,Male,0
38.0,97641.0,21,78.19,Sales,Bachelors,Male,0
57.0,66395.0,27,82.39,Marketing,Diploma,Male,0
25.0,52700.0,6,41.9,Finance,Diploma,Female,0
23.0,64620.0,0,96.17,HR,Bachelors,Female,0
27.0,50559.0,31,43.12,Finance,Diploma,Male,0
25.0,91642.0,12,72.48,Engineering,PhD,Female,0
50.0,106539.0,29,82.54,,PhD,Male,1
39.0,51732.0,22,92.26,Marketing,Diploma,Male,0
47.0,60354.0,18,82.85,Sales,PhD,Female,0
55.0,43843.0,31,88.1,Finance,,Female,0
31.0,101726.0,29,60.37,Sales,Diploma,Male,0
57.0,47640.0,28,88.89,Marketing,Masters,Male,0
,82528.0,28,44.81,Engineering,Bachelors,Male,0
52.0,68413.0,29,93.69,Sales,PhD,Female,0
36.0,82638.0,15,72.86,Sales,Masters,Female,0
,82736.0,18,89.04,,PhD,Female,0
35.0,98866.0,17,67.14,Finance,PhD,Female,0
,49087.0,0,78.61,Engineering,Bachelors,Male,0
42.0,71430.0,13,71.58,Sales,PhD,Male,0
37.0,54504.0,1,83.9,Finance,Bachelors,Male,0
39.0,37114.0,27,44.9,Finance,Bachelors,Male,0
45.0,108859.0,29,43.62,Engineering,Bachelors,Male,0
47.0,40975.0,3,54.83,Sales,Masters,Male,1
46.0,41023.0,0,49.57,,Diploma,Female,0
50.0,51447.0,7,92.31,Sales,Masters,Female,0
36.0,53959.0,28,53.15,HR,Diploma,Male,1
22.0,96203.0,2,98.55,Marketing,Diploma,Male,0
46.0,59703.0,31,60.21,Finance,Bachelors,Female,0
28.0,39337.0,9,50.93,Marketing,PhD,Female,0
30.0,76427.0,9,87.38,Finance,Bachelors,Female,0
45.0,91529.0,18,79.52,Finance,PhD,Female,1
22.0,114665.0,33,69.89,Marketing,Diploma,Male,0
29.0,61921.0,32,73.32,Finance,Bachelors,Male,1
45.0,63307.0,22,83.15,Finance,PhD,Male,0
32.0,57355.0,27,53.71,HR,Masters,Male,0
38.0,34835.0,31,99.78,Sales,PhD,Male,0
29.0,50159.0,6,98.49,Sales,Bachelors,Female,0
56.0,77605.0,28,79.02,,Masters,Male,0
56.0,68088.0,7,51.97,,PhD,Female,1
54.0,108752.0,0,80.81,Engineering,PhD,Male,0
26.0,85284.0,2,44.33,Engineering,PhD,Male,0
49.0,87043.0,23,41.84,Engineering,PhD,Male,0
,65547.0,22,55.46,HR,PhD,Male,0
30.0,112844.0,7,67.76,HR,Masters,Male,0
29.0,57532.0,2,92.1,Finance,Diploma,Female,0
33.0,64349.0,32,83.63,Engineering,Masters,Female,0
,75445.0,27,84.56,Marketing,Masters,Female,0
54.0,35713.0,7,65.53,Marketing,Masters,Male,0
44.0,86178.0,33,60.76,Engineering,Diploma,Male,1
45.0,79407.0,34,62.26,Engineering,Bachelors,Female,1
58.0,100340.0,31,99.26,Engineering,Diploma,Male,0
56.0,80990.0,23,42.41,HR,Masters,Male,0
43.0,105672.0,13,92.02,HR,PhD,Female,1
48.0,95545.0,31,74.72,HR,PhD,Male,0
56.0,114791.0,15,66.32,Sales,Masters,Female,1
22.0,88141.0,3,83.52,Marketing,PhD,Male,0
56.0,,20,69.2,Marketing,Masters,Female,0
58.0,86570.0,13,92.41,Finance,PhD,Male,1
35.0,67892.0,30,94.04,HR,Diploma,Male,1
24.0,31015.0,17,65.3,Sales,Bachelors,Female,0
22.0,91813.0,6,56.61,Sales,Bachelors,Male,0
,57712.0,9,75.54,Marketing,Diploma,Male,0
47.0,38415.0,6,94.74,HR,Diploma,Female,0
35.0,,32,52.64,Finance,Masters,Male,0
48.0,53833.0,22,77.38,HR,,Female,0
30.0,34158.0,20,77.89,Engineering,Masters,Male,1
36.0,92680.0,18,83.99,HR,PhD,Male,0
36.0,50309.0,18,47.89,Engineering,Masters,Male,0
,36970.0,28,82.95,Engineering,Diploma,Male,0
34.0,102474.0,17,94.54,Finance,Bachelors,Female,0
53.0,116704.0,1,50.78,Marketing,PhD,Male,0
53.0,76540.0,0,54.25,HR,Masters,Female,0
25.0,50384.0,4,98.28,Engineering,PhD,Male,0
51.0,48017.0,19,50.86,HR,PhD,Male,1
58.0,105880.0,10,91.26,Marketing,Masters,Male,1
44.0,,1,69.54,Marketing,PhD,Male,0
36.0,30384.0,2,54.83,Sales,Bachelors,Female,1
,30404.0,22,92.24,Marketing,Diploma,Female,0
57.0,70943.0,11,66.72,Finance,Diploma,Female,0
34.0,77926.0,19,70.89,Engineering,Bachelors,Female,0
53.0,59189.0,4,61.55,Sales,PhD,Male,0
28.0,42763.0,29,75.58,Finance,Masters,Female,0
43.0,48384.0,8,49.81,HR,PhD,Female,1
49.0,,33,63.46,,Bachelors,Male,0
23.0,39860.0,34,98.16,Marketing,PhD,Male,1
27.0,110642.0,21,55.49,Engineering,Diploma,Male,0
49.0,80612.0,23,79.4,HR,PhD,Male,0
49.0,,16,59.51,Sales,Bachelors,Female,1
41.0,53524.0,9,86.41,Sales,Diploma,Female,0
,99172.0,29,47.85,Sales,PhD,Male,0
32.0,40916.0,22,98.19,Marketing,PhD,Male,0
49.0,34809.0,31,67.23,Finance,Diploma,Male,0
46.0,62201.0,16,54.16,Finance,Masters,Female,0
,83330.0,16,44.41,Engineering,Diploma,Female,0
22.0,43456.0,13,50.19,,Masters,Male,0
48.0,86397.0,8,71.19,Sales,Bachelors,Male,1
34.0,68765.0,1,60.22,Sales,Bachelors,Female,0
24.0,64816.0,24,89.73,HR,Diploma,Male,0
27.0,75106.0,8,65.85,HR,Diploma,Male,0
29.0,83932.0,21,54.92,Sales,Bachelors,Female,1
48.0,47100.0,3,77.03,Sales,Masters,Male,0
30.0,87091.0,25,82.41,Marketing,Bachelors,Female,0
58.0,51949.0,28,50.02,Finance,Diploma,Male,0
54.0,100080.0,33,50.06,HR,Bachelors,Male,0
,67744.0,22,42.2,Finance,Diploma,Female,1
36.0,75543.0,10,84.18,Marketing,Diploma,Female,0
53.0,66187.0,5,79.83,Sales,Bachelors,Male,0
53.0,37239.0,17,68.48,,,Female,0
45.0,44489.0,20,90.65,Sales,PhD,Male,0
33.0,88017.0,33,88.34,Sales,Bachelors,Male,1
23.0,91877.0,16,75.12,Engineering,PhD,Female,1
24.0,73125.0,24,92.1,Finance,Bachelors,Male,0
58.0,79922.0,11,52.35,Finance,PhD,Male,1
38.0,62049.0,22,46.72,Sales,Masters,Female,0
23.0,67131.0,21,56.18,Marketing,Masters,Female,0
23.0,72944.0,20,43.43,Engineering,Bachelors,Male,0
49.0,103963.0,26,71.87,Sales,Diploma,Female,0
44.0,54285.0,30,96.2,HR,PhD,Female,0
58.0,67626.0,5,42.36,HR,Diploma,Female,1
53.0,72808.0,26,47.33,Engineering,Diploma,Female,0
54.0,118464.0,33,67.13,Marketing,Diploma,Male,1
22.0,83871.0,11,96.03,Sales,Masters,Male,0
,49198.0,6,58.97,Finance,Bachelors,Male,1
23.0,49758.0,9,70.43,Engineering,Bachelors,Female,0
47.0,45254.0,16,42.49,Marketing,Masters,Female,0
53.0,74238.0,25,48.9,Finance,Masters,Female,0
27.0,31252.0,20,99.2,HR,Bachelors,Female,1
53.0,69764.0,27,97.91,HR,Diploma,Female,0
25.0,107709.0,1,40.3,Finance,PhD,Female,1
32.0,67441.0,0,97.11,Engineering,PhD,Female,0
38.0,83682.0,25,78.35,HR,PhD,Male,0
59.0,89494.0,28,92.08,Sales,,Male,1
45.0,111317.0,20,67.28,Finance,Bachelors,Female,0
26.0,95215.0,10,70.94,Finance,Masters,Female,0
55.0,108587.0,10,69.33,HR,Bachelors,Female,0
27.0,36949.0,34,80.01,Engineering,Diploma,Male,1
43.0,85393.0,33,48.38,Sales,Masters,Male,0
32.0,103553.0,23,41.8,Engineering,Diploma,Female,1
37.0,36941.0,21,58.48,Marketing,PhD,Female,0
,55934.0,4,82.28,Marketing,PhD,Male,1
,53386.0,32,52.11,HR,Diploma,Male,1
27.0,91886.0,19,80.41,HR,Masters,Male,0
,105745.0,18,98.19,HR,Masters,Male,0
50.0,113251.0,34,45.63,Marketing,Bachelors,Female,0
24.0,83413.0,16,80.36,Engineering,PhD,Male,0
41.0,86800.0,33,66.63,Engineering,Bachelors,Male,0
57.0,72318.0,8,92.09,HR,Bachelors,Female,0
40.0,100173.0,25,50.63,Sales,Diploma,Male,0
47.0,100390.0,1,81.56,Engineering,Diploma,Male,0
24.0,82329.0,8,90.29,Marketing,Bachelors,Male,0
40.0,73088.0,8,96.68,,PhD,Female,0
41.0,69811.0,16,80.99,Finance,Diploma,Male,1
53.0,85479.0,0,69.83,Finance,Bachelors,Female,0
28.0,115392.0,24,77.07,Sales,Bachelors,Female,0
54.0,117369.0,24,92.13,HR,Bachelors,Male,0
39.0,49963.0,34,74.24,Marketing,Bachelors,Male,1
22.0,,2,41.82,Sales,Bachelors,Male,1
32.0,103477.0,29,95.86,Marketing,Bachelors,Male,1
49.0,44388.0,33,81.37,Marketing,Diploma,Female,1
,35569.0,11,80.59,HR,PhD,Male,0
44.0,99836.0,18,52.94,Finance,Bachelors,Male,1
52.0,,16,79.53,HR,Masters,Male,0
51.0,42015.0,9,63.63,Sales,Diploma,Female,0
56.0,75002.0,11,79.07,Sales,Diploma,Male,1
28.0,36254.0,15,46.4,Sales,Bachelors,Male,0
37.0,47144.0,23,79.47,HR,Diploma,Female,0
47.0,54214.0,18,99.96,Marketing,Bachelors,Female,0
23.0,110719.0,7,42.89,Marketing,PhD,Male,0
,101774.0,30,98.63,Engineering,PhD,Male,0
33.0,36090.0,20,64.41,Sales,Diploma,Male,0
26.0,41637.0,16,92.25,Marketing,Diploma,Male,0
58.0,52415.0,22,86.94,Engineering,Masters,Male,0
53.0,54071.0,15,74.02,Marketing,Diploma,Female,1
30.0,88243.0,5,84.31,Sales,Masters,Female,0
56.0,71240.0,7,92.71,Finance,PhD,Male,0
40.0,113807.0,24,64.25,Sales,PhD,Male,1
37.0,63434.0,17,59.62,HR,Bachelors,Female,1
24.0,99724.0,24,80.06,Marketing,PhD,Male,0
41.0,105697.0,11,88.47,Marketing,Masters,Male,0
45.0,58732.0,14,85.74,HR,Diploma,Male,1
54.0,41314.0,25,87.87,HR,Bachelors,Male,1
45.0,53954.0,25,66.13,Finance,Masters,Male,0
32.0,87108.0,31,89.07,Marketing,Diploma,Female,0
29.0,117044.0,9,47.21,Marketing,Bachelors,Male,0
,117505.0,15,72.67,Finance,PhD,Male,0
59.0,66668.0,6,40.35,Engineering,Masters,Male,0
41.0,53061.0,16,59.48,Finance,Diploma,Female,0
56.0,109252.0,22,61.99,Sales,Bachelors,Female,0
46.0,69749.0,25,63.77,,Bachelors,Female,0
56.0,46907.0,20,81.73,HR,PhD,Female,0
46.0,48777.0,21,63.31,Sales,Diploma,Male,1
50.0,81745.0,6,66.92,Marketing,,Female,0
39.0,111818.0,13,54.25,Finance,PhD,Male,0
39.0,53624.0,14,62.4,Sales,Diploma,Male,1
23.0,53321.0,6,53.64,Marketing,Diploma,Female,0
56.0,40488.0,8,44.39,Engineering,Diploma,Female,0
37.0,,7,76.21,Engineering,Masters,Female,0
57.0,35240.0,22,80.09,HR,Diploma,Female,0
54.0,73221.0,28,77.17,Marketing,Bachelors,Female,1
25.0,40478.0,17,67.81,Engineering,PhD,Male,0
54.0,85645.0,30,62.79,Finance,Masters,Female,0
35.0,49262.0,29,91.8,Marketing,Diploma,Female,0
42.0,82796.0,34,71.14,Finance,Masters,Female,0
41.0,34432.0,17,68.75,Finance,Diploma,Male,1
29.0,94291.0,16,41.54,Engineering,Masters,Female,0
28.0,109104.0,13,60.47,Marketing,PhD,Male,0
,89399.0,30,62.81,Sales,PhD,Female,0
38.0,109714.0,23,63.93,Engineering,Bachelors,Female,0
54.0,80428.0,34,74.81,Engineering,Bachelors,Male,0
33.0,117731.0,33,72.02,Marketing,Diploma,Female,0
,30302.0,2,76.47,Marketing,PhD,Male,0
43.0,112558.0,25,85.89,Finance,Masters,Male,0
51.0,30055.0,22,88.78,Marketing,Masters,Male,0
59.0,38717.0,14,83.09,Finance,Masters,Female,0
,58699.0,3,97.33,Engineering,Bachelors,Female,0
29.0,103686.0,28,41.09,HR,Masters,Female,1
48.0,97661.0,21,51.75,Sales,Bachelors,Male,0
48.0,74247.0,24,40.45,Engineering,Bachelors,Female,0
55.0,46748.0,12,78.85,Marketing,Diploma,Male,0
42.0,34621.0,17,93.88,Sales,Masters,Female,0
51.0,45034.0,32,54.61,HR,Masters,Male,0
54.0,35126.0,15,95.62,HR,PhD,Male,0
49.0,35122.0,1,43.62,Finance,Diploma,Male,0
54.0,48030.0,34,96.07,Sales,PhD,Female,0
26.0,112838.0,33,61.1,Finance,Diploma,Male,1
40.0,114717.0,29,46.09,Engineering,Masters,Male,1
25.0,85658.0,12,69.15,Sales,Bachelors,Male,0
56.0,68638.0,12,55.41,Engineering,Bachelors,Male,0
38.0,97067.0,17,57.09,Finance,Bachelors,Male,0
49.0,118869.0,31,58.44,Sales,Bachelors,Male,0
51.0,64674.0,31,88.18,Finance,Bachelors,Female,1
50.0,65854.0,34,72.35,,PhD,Female,0
27.0,76271.0,28,58.68,Finance,Diploma,Male,0
56.0,103688.0,28,76.62,HR,Masters,Female,0
58.0,68518.0,15,82.97,Finance,PhD,Female,0
45.0,40267.0,9,56.36,HR,Diploma,Male,0
50.0,31062.0,29,64.81,Finance,Bachelors,Male,0
52.0,80448.0,24,47.31,,Diploma,Male,0
56.0,36229.0,19,50.87,Sales,Diploma,Female,0
54.0,86793.0,4,80.87,Sales,Bachelors,Male,0
42.0,77915.0,0,50.89,Marketing,Bachelors,Female,0
53.0,34632.0,29,71.51,Engineering,Bachelors,Male,0
44.0,33596.0,2,82.54,Sales,Masters,Female,0
54.0,36168.0,13,46.41,HR,Bachelors,Male,0
24.0,37561.0,29,74.04,Sales,Masters,Male,0
39.0,103794.0,3,55.39,,Bachelors,Female,0
46.0,112152.0,17,97.78,HR,Masters,Female,1
52.0,56734.0,24,69.01,Marketing,Diploma,Female,0
24.0,36371.0,0,88.36,HR,PhD,Female,0
45.0,56069.0,14,73.01,Finance,,Female,0
53.0,109905.0,8,42.6,Engineering,Diploma,Female,0
43.0,42910.0,14,77.99,Engineering,Bachelors,Male,0
44.0,103479.0,23,97.08,Marketing,Masters,Female,0
23.0,107735.0,3,76.1,Engineering,PhD,Male,1
48.0,111264.0,11,89.15,Marketing,Bachelors,Male,0
23.0,53275.0,5,93.05,Marketing,Bachelors,Female,0
47.0,102274.0,23,53.68,Marketing,,Male,0
38.0,,10,52.72,Engineering,Diploma,Female,0
54.0,90004.0,12,76.66,Marketing,Masters,Female,1
30.0,92981.0,33,64.66,Engineering,Masters,Male,0
50.0,114659.0,24,90.39,Marketing,PhD,Male,0
47.0,84553.0,6,94.0,Sales,Masters,Female,1
56.0,78447.0,3,61.21,Marketing,Masters,Female,0
46.0,64529.0,7,54.21,HR,Bachelors,Male,0
,105703.0,19,86.83,Marketing,Bachelors,Male,0
34.0,,28,56.49,Finance,,Male,0
28.0,47260.0,9,89.36,,Bachelors,Male,0
57.0,33812.0,33,65.42,HR,Bachelors,Female,0
41.0,58024.0,25,80.05,HR,,Female,0
22.0,88656.0,2,45.73,Engineering,Bachelors,Female,0
29.0,57285.0,5,77.43,Sales,Diploma,Female,0
37.0,31605.0,4,67.11,Marketing,Bachelors,Male,0
35.0,101158.0,4,75.2,Engineering,PhD,Male,0
33.0,102303.0,22,50.08,,PhD,Female,0
44.0,57139.0,8,84.21,Marketing,PhD,Female,0
36.0,107149.0,34,91.77,Finance,PhD,Female,0
49.0,86138.0,19,53.0,Marketing,Bachelors,Female,0
55.0,106125.0,34,45.74,HR,PhD,Female,0
,43918.0,17,41.42,HR,Bachelors,Female,1
53.0,115655.0,16,78.52,Finance,Diploma,Female,0
44.0,57446.0,23,76.43,Engineering,PhD,Female,0
43.0,43046.0,2,72.8,Sales,Masters,Female,0
46.0,54818.0,31,53.92,Marketing,PhD,Male,0
43.0,34324.0,34,63.45,HR,PhD,Female,0
43.0,106323.0,12,75.67,Engineering,Bachelors,Male,1
27.0,39111.0,24,69.81,Finance,PhD,Male,0
36.0,68110.0,8,99.27,HR,Masters,Female,0
58.0,46389.0,3,48.19,Finance,Bachelors,Female,0
54.0,71427.0,13,81.71,Marketing,Bachelors,Male,0
,109579.0,33,64.26,Sales,Diploma,Male,0
26.0,58746.0,10,65.69,HR,Diploma,Female,0
25.0,117886.0,2,83.06,HR,PhD,Male,0
27.0,30117.0,27,81.55,Marketing,Diploma,Female,0
53.0,114471.0,28,99.48,Engineering,Diploma,Female,0
51.0,43234.0,8,47.7,Sales,Diploma,Female,0
56.0,,2,46.25,HR,Bachelors,Male,1
37.0,30846.0,24,83.46,Sales,Bachelors,Male,0
34.0,40954.0,33,74.7,HR,Bachelors,Female,1
51.0,109239.0,11,56.45,,Diploma,Male,0
40.0,76514.0,8,44.77,Finance,Bachelors,Male,1
38.0,118236.0,14,45.14,HR,Diploma,Male,1
40.0,36469.0,24,93.65,Sales,Bachelors,Male,0
49.0,,4,51.51,Engineering,Bachelors,Male,0
47.0,72101.0,10,59.4,Finance,Masters,Male,0
58.0,94323.0,33,53.6,Finance,PhD,Male,1
47.0,88067.0,23,61.3,Engineering,Diploma,Female,0
44.0,79376.0,14,44.17,Sales,,Male,0
30.0,75587.0,7,71.14,Marketing,Bachelors,Male,0
,66976.0,4,44.06,Engineering,Diploma,Male,1
22.0,97584.0,25,88.02,Sales,Bachelors,Male,1
22.0,108477.0,17,54.02,Engineering,PhD,Male,1
55.0,72533.0,5,72.4,Engineering,Masters,Male,0
53.0,31828.0,12,92.8,HR,PhD,Male,0
46.0,31917.0,27,79.05,Sales,Masters,Male,0
22.0,50618.0,4,71.98,Marketing,Bachelors,Female,0
37.0,62254.0,12,59.46,HR,PhD,Male,0
26.0,77362.0,16,59.98,Engineering,,Male,0
,50128.0,31,80.17,Engineering,Bachelors,Male,0
50.0,89383.0,28,99.65,Engineering,PhD,Male,0
24.0,95545.0,2,79.71,Sales,Diploma,Female,1
33.0,112180.0,33,73.47,Sales,Masters,Female,0
47.0,117958.0,26,83.84,HR,Masters,Female,1
37.0,39865.0,12,67.91,Marketing,Masters,Female,0
58.0,32219.0,32,43.61,HR,Diploma,Female,0
43.0,69809.0,5,73.74,Finance,Masters,Female,0
50.0,35287.0,23,97.46,Engineering,Bachelors,Female,0
35.0,64387.0,18,50.52,Engineering,PhD,Female,0
49.0,38512.0,15,81.4,Engineering,Diploma,Female,0
26.0,31342.0,27,52.06,HR,Masters,Female,0
51.0,93076.0,32,72.15,HR,Bachelors,Female,0
26.0,49216.0,12,45.8,Engineering,PhD,Female,0
33.0,109767.0,24,67.02,HR,PhD,Female,1
37.0,56614.0,26,85.37,,Diploma,Female,0
47.0,66258.0,6,60.85,Sales,Diploma,Female,0
47.0,72078.0,4,79.89,HR,Diploma,Female,0
42.0,113524.0,30,87.73,Engineering,Bachelors,Male,0
57.0,42219.0,22,95.63,HR,Bachelors,Female,0
54.0,30235.0,9,54.08,HR,Diploma,Male,0
51.0,72929.0,31,63.96,HR,Masters,Female,1
58.0,,29,49.14,Finance,PhD,Female,0
44.0,38567.0,30,99.55,Sales,PhD,Male,1
31.0,100792.0,17,95.62,Marketing,Bachelors,Female,1
26.0,95441.0,1,72.4,Marketing,PhD,Male,0
57.0,114555.0,13,90.52,Finance,,Male,0
55.0,103698.0,12,71.26,HR,PhD,Male,1
52.0,35415.0,28,77.42,Finance,Bachelors,Female,0
31.0,66159.0,11,45.35,Finance,Bachelors,Female,0
40.0,73925.0,1,85.32,Engineering,Masters,Female,1
53.0,35951.0,31,47.66,Sales,Masters,Male,0
22.0,117388.0,12,89.56,Marketing,PhD,Male,0
26.0,38007.0,26,86.92,HR,PhD,Female,0
25.0,71832.0,16,82.52,Marketing,Bachelors,Female,0
37.0,88596.0,30,42.17,Marketing,Masters,Female,0
45.0,60523.0,33,58.19,Sales,Masters,Female,0
37.0,118861.0,23,55.79,Marketing,Masters,Female,0
23.0,116740.0,34,61.61,Marketing,PhD,Male,0
49.0,45524.0,5,45.26,Finance,Masters,Male,0
53.0,49282.0,18,96.22,Sales,Bachelors,Male,0
48.0,53930.0,29,73.23,Engineering,Bachelors,Female,0
41.0,30077.0,6,58.33,HR,PhD,Male,0
45.0,50611.0,9,63.82,Marketing,Diploma,Male,0
33.0,46984.0,31,66.83,HR,PhD,Male,0
56.0,44060.0,33,76.04,Engineering,Diploma,Male,0
54.0,112985.0,27,70.94,HR,Masters,Male,1
54.0,114056.0,14,95.16,Engineering,PhD,Female,0
58.0,73303.0,29,69.82,Finance,Bachelors,Male,0
33.0,89207.0,28,99.53,Marketing,Masters,Female,0
24.0,,21,91.09,Engineering,Bachelors,Female,0
22.0,59287.0,3,52.51,HR,Masters,Female,0
54.0,69711.0,19,95.84,Marketing,PhD,Female,0
31.0,41954.0,31,46.98,Finance,Diploma,Female,0
50.0,103340.0,3,89.05,Marketing,Masters,Male,0
34.0,102101.0,26,62.84,Engineering,Diploma,Male,0
33.0,101520.0,16,92.68,Finance,Masters,Female,0
,117062.0,11,92.08,HR,Bachelors,Female,0
23.0,48574.0,21,88.36,Finance,Bachelors,Female,0
56.0,,16,87.4,Finance,Masters,Male,0
44.0,49096.0,9,58.28,Sales,Diploma,Female,0
38.0,97728.0,0,44.86,Finance,PhD,Male,0
47.0,64016.0,21,64.18,Finance,PhD,Female,0
29.0,41246.0,25,50.41,Marketing,Bachelors,Male,0
50.0,75558.0,17,81.7,HR,PhD,Female,0
47.0,48381.0,13,60.77,Marketing,Bachelors,Male,0
31.0,66455.0,28,98.54,Marketing,PhD,Female,0
47.0,34018.0,11,78.46,Engineering,Masters,Male,0
55.0,41302.0,34,89.35,Marketing,Bachelors,Male,1
28.0,97506.0,11,47.95,Sales,Bachelors,Male,0
25.0,71157.0,6,91.72,Sales,Masters,Male,0
32.0,84917.0,28,95.37,Engineering,Bachelors,Male,0
50.0,113122.0,10,69.22,HR,PhD,Male,0
57.0,54519.0,32,76.38,HR,PhD,Male,0
46.0,117487.0,5,85.89,Marketing,Bachelors,Female,0
42.0,86819.0,14,50.49,Marketing,PhD,Female,0
57.0,110910.0,31,70.15,Marketing,Diploma,Female,1
31.0,101324.0,10,63.92,HR,Bachelors,Female,0
58.0,35408.0,22,48.78,Finance,Masters,Female,1
30.0,89379.0,25,62.05,Sales,Diploma,Male,0
45.0,55053.0,33,44.09,Finance,Bachelors,Male,0
56.0,39446.0,33,41.55,,Masters,Male,0
56.0,30922.0,28,48.11,HR,PhD,Male,0
57.0,81356.0,3,97.79,Finance,Masters,Male,0
39.0,40789.0,16,72.97,Engineering,Diploma,Female,0
53.0,96656.0,34,97.95,Marketing,PhD,Female,0
45.0,74028.0,12,65.95,Engineering,Bachelors,Female,0
44.0,94484.0,14,58.71,Sales,PhD,Female,0
53.0,,28,70.37,Marketing,Bachelors,Male,1
58.0,112870.0,28,66.37,,Bachelors,Male,0
33.0,32336.0,10,46.34,Sales,Masters,Male,1
34.0,97779.0,31,78.45,Marketing,Masters,Female,1
44.0,,1,52.96,Finance,Masters,Male,1
46.0,89201.0,13,77.18,Engineering,Diploma,Female,0
56.0,62265.0,19,79.01,Marketing,Diploma,Male,0
51.0,73872.0,21,49.12,Finance,Masters,Male,1
38.0,76197.0,10,43.68,Engineering,Diploma,Female,0
41.0,85180.0,26,86.85,Sales,PhD,Male,0
46.0,53710.0,2,67.59,Sales,PhD,Male,0
43.0,,16,43.49,Sales,Diploma,Female,0
34.0,101907.0,27,99.69,Sales,Diploma,Male,0
40.0,101895.0,28,43.47,HR,PhD,Female,0
57.0,94435.0,20,81.7,Marketing,Bachelors,Male,1
33.0,70631.0,15,99.02,Marketing,PhD,Male,0
40.0,50103.0,19,54.35,HR,PhD,Male,1
33.0,94772.0,5,48.53,Finance,Diploma,Male,0
30.0,44382.0,18,47.28,Finance,PhD,Male,0
28.0,114291.0,4,58.2,Sales,Diploma,Male,0
49.0,33756.0,2,46.06,Engineering,Diploma,Male,0
35.0,50609.0,0,81.53,Finance,Masters,Male,1
52.0,46478.0,14,43.74,Engineering,PhD,Female,0
40.0,69666.0,33,70.57,Marketing,Bachelors,Female,0
37.0,105683.0,34,99.8,Engineering,Masters,Male,0
26.0,,24,88.84,Marketing,Diploma,Male,0
56.0,107834.0,23,76.91,HR,Diploma,Female,0
33.0,44153.0,11,58.38,HR,Bachelors,Male,0
46.0,106325.0,17,77.43,Sales,Diploma,Male,0
42.0,42999.0,14,71.62,Finance,PhD,Female,1
57.0,85318.0,15,65.57,Sales,Masters,Male,0
44.0,30814.0,26,47.84,Marketing,Diploma,Male,0
37.0,106077.0,7,93.2,Sales,Diploma,Female,0
35.0,32443.0,24,66.99,Engineering,Bachelors,Male,0
52.0,105993.0,16,51.68,Marketing,PhD,Male,0
26.0,105916.0,28,62.07,HR,Diploma,Female,0
56.0,103319.0,7,64.85,Finance,Bachelors,Male,0
44.0,47368.0,14,89.65,Marketing,Diploma,Female,1
50.0,45328.0,26,84.02,Marketing,Bachelors,Male,0
32.0,86942.0,6,86.16,Engineering,,Male,0
39.0,57306.0,2,40.66,Finance,PhD,Female,0
33.0,115451.0,28,64.97,HR,Diploma,Female,0
30.0,69915.0,23,68.88,Marketing,PhD,Male,0
31.0,67219.0,2,41.15,Marketing,Bachelors,Female,0
38.0,110879.0,19,55.59,Engineering,Masters,Female,1
59.0,,14,85.62,Sales,Diploma,Male,1
28.0,,24,48.23,HR,Masters,Male,1
34.0,83028.0,29,72.12,Finance,Diploma,Male,0
30.0,30126.0,13,52.91,Marketing,PhD,Female,0
48.0,82329.0,6,40.73,Marketing,PhD,Female,0
